Crime Type,Type,Percentage
Bicycle theft,Actual (%),1.605538013116347
Burglary,Actual (%),2.914743745445713
Criminal damage and arson,Actual (%),9.514209375759048
Drugs,Actual (%),2.854019917415594
Other crime,Actual (%),2.2054894340539226
Other theft,Actual (%),6.713626427009959
Possession of weapons,Actual (%),1.3237794510565946
Public order,Actual (%),9.43405392275929
Robbery,Actual (%),0.842846733058052
Shoplifting,Actual (%),10.534369686665048
Theft from the person,Actual (%),1.0711683264512994
Vehicle crime,Actual (%),4.72431382074326
Violence and sexual offences,Actual (%),46.26184114646587
Bicycle theft,Predicted (%),1.5306365364847867
Burglary,Predicted (%),2.7059763386789597
Criminal damage and arson,Predicted (%),9.69359360972349
Drugs,Predicted (%),2.818594079064889
Other crime,Predicted (%),2.16440921784994
Other theft,Predicted (%),6.721692334035382
Possession of weapons,Predicted (%),1.297690023204882
Public order,Predicted (%),9.60897835307231
Robbery,Predicted (%),0.8256810107364102
Shoplifting,Predicted (%),10.777098312529496
Theft from the person,Predicted (%),1.0905149167277328
Vehicle crime,Predicted (%),4.429325840286511
Violence and sexual offences,Predicted (%),46.3358094276052
