LSOA name,total_crimes
Babergh 005A,7
Babergh 005B,9
Babergh 005C,14
Babergh 005D,2
Babergh 005E,9
Babergh 005F,6
Babergh 010A,3
Babergh 010B,4
Babergh 010C,6
Babergh 010D,8
Babergh 010E,7
Babergh 010F,9
Babergh 010G,4
Babergh 011A,1
Babergh 011B,11
Babergh 011C,1
Babergh 011D,3
East Suffolk 024A,1
East Suffolk 024C,1
East Suffolk 024D,2
East Suffolk 025A,1
East Suffolk 025B,3
East Suffolk 025C,15
East Suffolk 025H,1
East Suffolk 026A,2
East Suffolk 026E,1
Ipswich 001A,391
Ipswich 001B,87
Ipswich 001C,74
Ipswich 001D,811
Ipswich 001E,486
Ipswich 002A,169
Ipswich 002B,170
Ipswich 002C,211
Ipswich 002D,334
Ipswich 002E,167
Ipswich 003A,553
Ipswich 003B,349
Ipswich 003C,531
Ipswich 003D,323
Ipswich 003E,565
Ipswich 004A,62
Ipswich 004B,388
Ipswich 004C,173
Ipswich 004D,166
Ipswich 004E,305
Ipswich 005A,221
Ipswich 005B,122
Ipswich 005C,178
Ipswich 005D,501
Ipswich 005E,80
Ipswich 006A,936
Ipswich 006B,930
Ipswich 006C,1044
Ipswich 006D,1026
Ipswich 006E,424
Ipswich 007A,263
Ipswich 007C,426
Ipswich 007D,260
Ipswich 007E,301
Ipswich 007F,791
Ipswich 007G,5303
Ipswich 007H,2366
Ipswich 008A,292
Ipswich 008B,153
Ipswich 008C,486
Ipswich 008D,468
Ipswich 008E,248
Ipswich 009A,227
Ipswich 009B,179
Ipswich 009C,603
Ipswich 009D,168
Ipswich 009E,72
Ipswich 010A,386
Ipswich 010B,1644
Ipswich 010C,539
Ipswich 010D,350
Ipswich 010E,1147
Ipswich 011B,201
Ipswich 011C,180
Ipswich 011D,217
Ipswich 011E,510
Ipswich 011F,573
Ipswich 012A,413
Ipswich 012B,345
Ipswich 012C,373
Ipswich 012D,374
Ipswich 012F,940
Ipswich 012G,458
Ipswich 013A,373
Ipswich 013B,532
Ipswich 013C,220
Ipswich 013D,251
Ipswich 013E,181
Ipswich 014B,442
Ipswich 014C,293
Ipswich 014D,488
Ipswich 014E,762
Ipswich 014F,246
Ipswich 014G,497
Ipswich 015A,356
Ipswich 015B,419
Ipswich 015C,217
Ipswich 015D,102
Ipswich 015E,485
Ipswich 016A,260
Ipswich 016B,532
Ipswich 016C,562
Ipswich 016D,222
Ipswich 016E,342
Ipswich 016F,355
Mid Suffolk 007B,3
Mid Suffolk 007C,1
Mid Suffolk 011A,1
Mid Suffolk 011B,8
Mid Suffolk 012A,6
Mid Suffolk 012B,6
Mid Suffolk 012C,6
Mid Suffolk 012D,4
Mid Suffolk 012E,6
Suffolk Coastal 006A,5
Suffolk Coastal 006B,3
Suffolk Coastal 006C,3
Suffolk Coastal 008B,5
Suffolk Coastal 008C,1
Suffolk Coastal 009A,8
Suffolk Coastal 009B,2
Suffolk Coastal 009C,1
Suffolk Coastal 009D,5
Suffolk Coastal 009E,1
Suffolk Coastal 010A,2
Suffolk Coastal 010C,9
Suffolk Coastal 010D,25
Suffolk Coastal 010E,1
Suffolk Coastal 010H,1
Suffolk Coastal 010I,9
Suffolk Coastal 011A,20
Suffolk Coastal 011B,5
Suffolk Coastal 011C,2
Suffolk Coastal 011E,1
