Bicycle theft,Burglary,Criminal damage and arson,Drugs,Other crime,Other theft,Possession of weapons,Public order,Robbery,Shoplifting,Theft from the person,Vehicle crime,Violence and sexual offences
12,8,30,39,10,25,12,69,9,58,14,0,177
6,6,33,3,4,14,5,24,5,220,6,0,41
17,3,28,25,5,35,10,89,9,264,15,3,310
4,0,19,8,2,18,4,20,1,109,9,3,117
4,1,4,2,1,16,1,16,1,220,2,5,36
22,2,15,6,6,16,3,35,1,0,2,12,157
1,0,27,1,2,9,1,22,0,0,2,1,217
10,3,14,9,6,31,9,55,13,382,19,5,145
12,1,26,21,3,39,7,80,9,30,18,3,168
3,3,12,24,1,32,5,37,8,0,15,0,276
